Station,S/N,"Street
街名","Street No.
街號","Building Name
大廈名稱","Building Type
樓宇類別","Final/Adjusted Risk Category
最終風險級數
(*remarks)"
TS,1,Tsuen Nam Road,15-35,Grandway Bloock 1-3,Domestic Building (住宅),
TS,2,TIN SAM TSUEN,,HOUSE NO. 247,Domestic Building (住宅),
TS,3,Hin Wo Lane,3,Hin Yiu Estate Hin Yiu House,Domestic Building (住宅),
TS,4,To Fung Shan Road,50,Lutheran Theological Seminary,Insitutional Building/Others (學校/醫院/其他用途),
TS,5,PIK TIN STREET,8,PARK VIEW GARDEN,Domestic Building (住宅),
TS,6,KENG HAU ROAD,12-20,Chlorination house,Domestic Building (住宅),
TS,7,MEI TIN ROAD,68,HOUSE 1 - PEAK HOUSE,Domestic Building (住宅),
TS,8,MEI TIN ROAD,68,HOUSE 10 - PEAK HOUSE,Domestic Building (住宅),
TS,9,MEI TIN ROAD,68,HOUSE 11 - PEAK HOUSE,Domestic Building (住宅),
TS,10,MEI TIN ROAD,68,HOUSE 12 - PEAK HOUSE,Domestic Building (住宅),
TS,11,MEI TIN ROAD,68,HOUSE 15 - PEAK HOUSE,Domestic Building (住宅),
TS,12,MEI TIN ROAD,68,HOUSE 16 - PEAK HOUSE,Domestic Building (住宅),
TS,13,MEI TIN ROAD,68,HOUSE 2 - PEAK HOUSE,Domestic Building (住宅),
TS,14,MEI TIN ROAD,68,HOUSE 3 - PEAK HOUSE,Domestic Building (住宅),
TS,15,MEI TIN ROAD,68,HOUSE 5 - PEAK HOUSE,Domestic Building (住宅),
TS,16,MEI TIN ROAD,68,HOUSE 6 - PEAK HOUSE,Domestic Building (住宅),
TS,17,MEI TIN ROAD,68,HOUSE 7 - PEAK HOUSE,Domestic Building (住宅),
TS,18,MEI TIN ROAD,68,HOUSE 8 - PEAK HOUSE,Domestic Building (住宅),
TS,19,MEI TIN ROAD,68,HOUSE 9 - PEAK HOUSE,Domestic Building (住宅),
TS,20,TIN SAM TSUEN,,HOUSE NO. 164,Domestic Building (住宅),
TS,21,TUNG LO WAN VILLAGE,,HOUSE 117,Domestic Building (住宅),
TS,22,CHIK FUK STREET/CHIK SAU LANE/TSUEN NAM ROAD,KAM FAI BUILDING 68 CHIK FUK STREET/1-3 CHIK SAU LANE/TSUEN NAM ROAD SHA TIN DISTRICT,KAM FAI BUILDING,Composite Building (綜合式樓宇),
TS,23,38 TAI WAI ROAD / 7-29 TAI WAI ROAD,38 TAI WAI ROAD / 7-29 TAI WAI ROAD,LUEN FAT BUILDING,Composite Building (綜合式樓宇),
TS,24,MAN LAI ROAD,43-49,MAN LAI COURT,Domestic Building (住宅),
TS,25,MEI TIN ROAD,30,MEI LAM ESTATE,Domestic Building (住宅),
TS,26,MEI TIN ROAD,25,MEI CHUNG COURT,Domestic Building (住宅),
TS,27,CHIK SHUN STREET,31-51,SHOPS - ON SHUN BUILDING,Composite Building (綜合式樓宇),
TS,28,TAI WAI VILLAGE,,"NO. 4A, 10TH STREET",Domestic Building (住宅),
TS,29,88 TAI WAI ROAD / 7-29 TAI WAI ROAD,88 TAI WAI ROAD / 7-29 TAI WAI ROAD,TAK ON BUILDING,Composite Building (綜合式樓宇),
TS,30,CHIK CHUEN STREET,1,PETROL FILLING STATION,Insitutional Building/Others (學校/醫院/其他用途),
TS,31,CHIK TAI LANE,1,GENERAL CHAMBER OF COMMERCE AND INDUSTRY OF THE TUNG KUN DISTRICT LAU PAK LOK SECONDARY SCHOOL,Insitutional Building/Others (學校/醫院/其他用途),
TS,32,CHUNG LING LANE,1,THE CHURCH OF JESUS CHRIST OF LATTER DAY SAINTS [SFH-MAIN],Insitutional Building/Others (學校/醫院/其他用途),
TS,33,HIN TIN ST,1,KA WAI HSE (BLK D),Domestic Building (住宅),
TS,34,LUNG PAK ST,1,WORLD-WIDE GARDENS COMMERCIAL COMPLEX,Commercial Building (商業大廈),
TS,35,MAN LAI RD,1,CALTEX TAI WAI FILLING STATION,Insitutional Building/Others (學校/醫院/其他用途),
TS,36,MAN LAM RD,1,HONG KONG HERITAGE MUSEUM,Insitutional Building/Others (學校/醫院/其他用途),
TS,37,SHING TIN ST,1,CHUN SHEK ESTATE - BUDDHIST BRIGHT PEARL PRIMARY SCHOOL,Insitutional Building/Others (學校/醫院/其他用途),
TS,38,SHING TIN ST,1,CHUN SHEK ESTATE - CHRISTIAN ALLIANCE H.C.CHAN PRIMARY SCHOOL,Insitutional Building/Others (學校/醫院/其他用途),
TS,39,SHING TIN ST,1,CHUN SHEK ESTATE - KWOK TAK SENG CATHOLIC SECONDARY SCHOOL,Insitutional Building/Others (學校/醫院/其他用途),
TS,40,SHING TIN ST,1,CHUN SHEK ESTATE - SHEK YING HOUSE,Domestic Building (住宅),
TS,41,TAI WAI NEW VILLAGE RD,1,PUI KIU COLLEGE,Insitutional Building/Others (學校/醫院/其他用途),
TS,42,TIN SAM ST,1,LUNG HANG ESTATE HOK SAM HSE,Domestic Building (住宅),
TS,43,TIN SAM ST,1,LOK SIN TONG YOUNG KO HSIAO LIN SECONDARY SCHOOL,Insitutional Building/Others (學校/醫院/其他用途),
TS,44,TIN SAM ST,1,LUNG HANG SHOPPING CENTRE,Commercial Building (商業大廈),
TS,45,TIN SAM ST,1,POK OI HOSPITAL CHAN KAI MEMORIAL COLLEGE,Insitutional Building/Others (學校/醫院/其他用途),
TS,46,TIN SAM ST,1,LUNG HANG ESTATE SIN SAM HSE,Domestic Building (住宅),
TS,47,TIN SAM ST,1,PO LEUNG KUK DR.JIMMY WONG CHI-HO (TIN SUM VALLEY)PRIMARY SCHOOL,Insitutional Building/Others (學校/醫院/其他用途),
TS,48,TIN SAM ST,1,LUNG HANG ESTATE WAI SAM HSE,Domestic Building (住宅),
TS,49,TIN SAM ST,1,LUNG HANG ESTATE WING SAM HSE,Domestic Building (住宅),
TS,50,TIN SAM ST,1,LUNG HANG ESTATE LOK SAM HSE,Domestic Building (住宅),
TS,51,TIN SAM ST,1,LUNG HANG ESTATE LUNG HANG ESTATE COMMUNITY CENTRE,Commercial Building (商業大廈),
TS,52,TIN SAM ST,1,PO LEUNG KUK C.W.CHU COLLEGE,Insitutional Building/Others (學校/醫院/其他用途),
TS,53,YAU ON ST,1,PO FOOK MEMORIAL HALL,Insitutional Building/Others (學校/醫院/其他用途),
TS,54,CHUI TIN ST,1/3,GREENVIEW GARDEN - BLOCK A,Domestic Building (住宅),
TS,55,CHUI TIN ST,1/3,GREENVIEW GARDEN - BLOCK B,Domestic Building (住宅),
TS,56,CHUI TIN ST,1/3,GREENVIEW GARDEN - BLOCK C,Domestic Building (住宅),
TS,57,KAK TIN ST,1/3,GOLDEN COMFORT COURT (BLK D),Domestic Building (住宅),
TS,58,KAK TIN ST,1/3,GOLDEN PEACE COURT (BLK C),Domestic Building (住宅),
TS,59,KAK TIN ST,1/3,GOLDEN CORONET COURT (BLK G),Domestic Building (住宅),
TS,60,KAK TIN ST,1/3,GOLDEN FORTUNE COURT (BLK E),Domestic Building (住宅),
TS,61,KAK TIN ST,1/3,GOLDEN FULLNESS COURT (BLK F),Domestic Building (住宅),
TS,62,KAK TIN ST,1/3,GOLDEN MASCOT COURT (BLK B),Domestic Building (住宅),
TS,63,KAK TIN ST,1/3,GOLDEN WEALTH COURT (BLK A),Domestic Building (住宅),
TS,64,SHA TIN HEIGHTS RD,1/3,GREENHEIGHT VILLA TOWER 1,Domestic Building (住宅),
TS,65,SHA TIN HEIGHTS RD,1/3,GREENHEIGHT VILLA TOWER 2,Domestic Building (住宅),
TS,66,CHIK FAI ST,1/5,GLAMOUR GARDEN,Composite Building (綜合式樓宇),
TS,67,HIN TAI ST,1/5,JULIMOUNT GARDEN BLOCK 4,Domestic Building (住宅),
TS,68,HIN TAI ST,1/5,JULIMOUNT GARDEN BLOCK 5,Domestic Building (住宅),
TS,69,HIN TAI ST,1/5,JULIMOUNT GARDEN BLOCK 6,Domestic Building (住宅),
TS,70,SHING CHUEN RD,1/7,SUNKING INDUSTRIAL BUILDING,Industrial Building/Godown (工廠大廈/倉庫),B
TS,71,SHING WAN RD,1/7,TRANSPORT CITY BUILDING,Industrial Building/Godown (工廠大廈/倉庫),
TS,72,CHIK CHUEN ST,10,LUNG KING BUILDING,Composite Building (綜合式樓宇),
TS,73,CHIK FUK ST,10,CHIK FUK BUILDING,Composite Building (綜合式樓宇),
TS,74,CHIK TAK LANE,10,CHIK TAT HSE,Composite Building (綜合式樓宇),
TS,75,HANG LOK LANE,10,EVERGREEN CARE & ATTENTION HOME,Insitutional Building/Others (學校/醫院/其他用途),
TS,76,HIN TIN ST,10,KA TIN COURT KA HONG HSE (BLK A),Domestic Building (住宅),
TS,77,MAN LAI RD,10,SHA TIN ASSEMBLY OF GOD CHURCH,Insitutional Building/Others (學校/醫院/其他用途),
TS,78,TAI WAI RD,10,LUNG WAH HSE,Composite Building (綜合式樓宇),
TS,79,CHIK SHUN ST,10/14,CHIK SHUN ST,Composite Building (綜合式樓宇),
TS,80,TAI WAI RD,100,TIN PO BUILDING,Composite Building (綜合式樓宇),
TS,81,TAI WAI RD,102,TIN PO BUILDING,Composite Building (綜合式樓宇),
TS,82,SHA TIN TAU TSUEN,102,STEWARDS HIGH ROCK CENTER,Insitutional Building/Others (學校/醫院/其他用途),
TS,83,TIN SAM TSUEN,,102 TIN SAM VILLAGE - A+MATHS EDUCATION CENTRE,Insitutional Building/Others (學校/醫院/其他用途),
TS,84,CHIK TAK LANE,10-22,LUNG FUNG HSE,Composite Building (綜合式樓宇),
TS,85,CHIK FUK ST,104,TIN PO BUILDING,Composite Building (綜合式樓宇),
TS,86,Ninth Street,10A,Tai Wai Viilage,Domestic Building (住宅),
TS,87,Chik Fai Street,11,On Tai Building,Composite Building (綜合式樓宇),
TS,88,Hang Lok Lane,11,Vermont Villa,Domestic Building (住宅),
TS,89,Keng Hau Road,11,11 Keng Hau Road,Domestic Building (住宅),
TS,90,Lung Pak Street,11,World-Wide Gardens /   Laurel Court,Domestic Building (住宅),
TS,91,Shatin Heights Road,11,Royal Forest Block 1,Domestic Building (住宅),
TS,92,Shatin Heights Road,11,Royal Forest Block 2,Domestic Building (住宅),
TS,93,Shatin Heights Road,11,Royal Forest Block 3,Domestic Building (住宅),
TS,94,Shatin Heights Road,11,Carport and Clubhouse / Royal Forest,Domestic Building (住宅),
TS,95,Chik Tak Lane,11,Kai Tak Building,Composite Building (綜合式樓宇),
TS,96,Shing Ho Road,11-13,66-70 Chik Shun Street /       9-13 Shing Ho Road /           2-4 Chik Fuk Street,Composite Building (綜合式樓宇),
TS,97,Man Lai Road,11-17,Shatin Government Secondary School,Insitutional Building/Others (學校/醫院/其他用途),
TS,98,Tung Lo Wan Hill Road,117,Tung Lo Wan Hill Road,Domestic Building (住宅),
TS,99,Chik Chuen Street,12,Siu Yuen House,Composite Building (綜合式樓宇),
TS,100,Chui Tin Street,12,King Tin Court /              Bing Sam House,Domestic Building (住宅),
TS,101,Chui Tin Street,12,King Tin Court /              Ching Sam House,Domestic Building (住宅),
TS,102,Chui Tin Street,12,King Tin Court /             Hang Sam House,Domestic Building (住宅),
TS,103,Chui Tin Street,12,King Tin Court /             Hung Sam House,Domestic Building (住宅),
TS,104,Chui Tin Street,12,King Tin Court /              King Sam House,Domestic Building (住宅),
TS,105,Chui Tin Street,12,King Tin Court /              Man Sam House,Domestic Building (住宅),
TS,106,Tai Wai Road,12,Sui Fung Masion,Composite Building (綜合式樓宇),
TS,107,Chik Wan Street,12,Christian Alliance Cheng Wing Gee College,Insitutional Building/Others (學校/醫院/其他用途),
TS,108,Hin Tin,120,Hin Tin Village,Domestic Building (住宅),
TS,109,Chik Fai Street,13,On Hong Building,Industrial Building/Godown (工廠大廈/倉庫),
TS,110,Hang Lok Lane,13,Vermont Villa,Domestic Building (住宅),
TS,111,Lung Pak Street,13,World-Wide Gardens /   Bauhinia Court,Domestic Building (住宅),
TS,112,Shing Wan Road,13-15,Chan Shiu Chung Industrial Building,Industrial Building/Godown (工廠大廈/倉庫),
TS,113,Chik Tak Lane,14,Chik Tak House,Composite Building (綜合式樓宇),
TS,114,Chik Fai Street,14-18,Grandeur Shopping Arcade,Commercial Building (商業大廈),
TS,115,Chik Fai Street,15,Shatin Public School,Insitutional Building/Others (學校/醫院/其他用途),
TS,116,Lung Pak Street,15,World-Wide Gardens Recreation Club,Domestic Building (住宅),
TS,117,Shing Ho Road,15-17,Chik Fuk Building,Composite Building (綜合式樓宇),
TS,118,Tsuen Nam Road,15,Grandway Garden Block 2,Domestic Building (住宅),
TS,119,Ha Keng Hau,150,Ha King Hau Village,Composite Building (綜合式樓宇),
TS,120,Chik Shun Street,16,Cheung Fung Mansion,Composite Building (綜合式樓宇),
TS,121,Hin Keng Street,16,Ka Oi House (Block A),Domestic Building (住宅),
TS,122,Hin Keng Street,16,Ka Sin House (Block B),Domestic Building (住宅),
TS,123,Mei Tin Road,16,Grandway Garden Block 1,Domestic Building (住宅),
TS,124,Tai Wai Road,16,Cheung Fung Mansion,Composite Building (綜合式樓宇),
TS,125,Tung Lo Wan Hill Road,16,The Salvation Army Bradbury Home Of Loving Kindness,Insitutional Building/Others (學校/醫院/其他用途),
TS,126,Shatin Hin Keng Street,161,Ha Keng Hau,Composite Building (綜合式樓宇),
TS,127,Chik Shun Street,17,Moon Tong House,Composite Building (綜合式樓宇),
TS,128,Shing Wan Road,17-19,On Ho Industrial Building,Industrial Building/Godown (工廠大廈/倉庫),
TS,129,Chik Shun Street,18,Hey Yuet Building,Composite Building (綜合式樓宇),
TS,130,Fu Kin Street,18,Union Hospital,Insitutional Building/Others (學校/醫院/其他用途),
TS,131,Fu Kin Street,18,Union Hospital - Staff Quarters,Insitutional Building/Others (學校/醫院/其他用途),
TS,132,Pak Lok Path,18,Pristine Villa Block 1,Domestic Building (住宅),
TS,133,Pak Lok Path,18,Pristine Villa Block 13,Domestic Building (住宅),
TS,134,Pak Lok Path,18,Pristine Villa Block 14,Domestic Building (住宅),
TS,135,Pak Lok Path,18,Pristine Villa Block 2,Domestic Building (住宅),
TS,136,Pak Lok Path,18,Pristine Villa Block 3,Domestic Building (住宅),
TS,137,Pak Lok Path,18,Pristine Villa Block 4,Domestic Building (住宅),
TS,138,Pak Lok Path,18,Pristine Villa Block 5,Domestic Building (住宅),
TS,139,Pik Tin Street,18,Granville Garden Tower 1,Domestic Building (住宅),
TS,140,Pik Tin Street,18,Granville Garden Tower 2,Domestic Building (住宅),
TS,141,Pik Tin Street,18,Granville Garden Tower 3,Domestic Building (住宅),
TS,142,Tai Wai Road,18,Cheung Fung Mansion,Composite Building (綜合式樓宇),
TS,143,Tung Lo Wan Hill Road,18,Peak One Phase 2 - Sky One (House A),Domestic Building (住宅),
TS,144,Tung Lo Wan Hill Road,18,Peak One Phase 3 - Sky One (House B),Domestic Building (住宅),
TS,145,Tung Lo Wan Hill Road,18,Peak One Phase 4 - Sky One (House C),Domestic Building (住宅),
TS,146,Tung Lo Wan Hill Road,18,Peak One Phase 5 - Sky One (House D),Domestic Building (住宅),
TS,147,Man Lai Road,18-24,Caritas Institute Of Community Education - Shatin,Insitutional Building/Others (學校/醫院/其他用途),
TS,148,Man Lai Road,19-21,ST. Alfred's Church,Insitutional Building/Others (學校/醫院/其他用途),
TS,149,Tung Lo Wan Hill Road,1A,Tung Lo Wan Village,Domestic Building (住宅),
TS,150,First Street,1B,Tai Wai Viilage,Composite Building (綜合式樓宇),
TS,151,Chik Fuk Street,60-70,9-13 Shing Ho Road /          2-4 Chik Fuk Street,Composite Building (綜合式樓宇),
TS,152,Chik Fuk Street,2-6,Ho Sze House,Composite Building (綜合式樓宇),
TS,153,Chui Tin Street,2,Sun Tsui Estate -              Free Methodist Bradbury Chun Lei Primary School,Insitutional Building/Others (學校/醫院/其他用途),
TS,154,Chui Tin Street,2,Sun Tsui Estate -              G.C.C.I.T.K.D. Cheong Wong Wai Primary School,Insitutional Building/Others (學校/醫院/其他用途),
TS,155,Chui Tin Street,2,Sun Tsui Estate -  Kowloon City Baptist Church Hay Nien (Yan Ping) Primary School,Insitutional Building/Others (學校/醫院/其他用途),
TS,156,Chui Tin Street,2,Sun Tsui Estate -              Ng Yuk Secondary School,Insitutional Building/Others (學校/醫院/其他用途),
TS,157,Chui Tin Street,2,Sun Tsui Estate -              TWGH Wong Fut Nam Secondary School (Ex-Tsung Tsin),Insitutional Building/Others (學校/醫院/其他用途),
TS,158,Chui Tin Street,2,Sun Tsui Estate -              Sun Chui Shopping Centre,Commercial Building (商業大廈),
TS,159,Chui Tin Street,2,Sun Tsui Estate -              Sun Chun House,Domestic Building (住宅),
TS,160,Chui Tin Street,2,Sun Tsui Estate -              Sun Fong House,Domestic Building (住宅),
TS,161,CHUI TIN ST,2,SUN CHUI ESTATE SUN HOK HSE,Domestic Building (住宅),
TS,162,CHUI TIN ST,2,SUN CHUI ESTATE SUN KIT HSE,Domestic Building (住宅),
TS,163,CHUI TIN ST,2,SUN CHUI ESTATE SUN MING HSE,Domestic Building (住宅),
TS,164,CHUI TIN ST,2,SUN CHUI ESTATE SUN WAI HSE,Domestic Building (住宅),
TS,165,CHUI TIN ST,2,SUN CHUI ESTATE SUN YEE HSE,Domestic Building (住宅),
TS,166,CHUI TIN ST,2,SUN CHUI ESTATE SUN YUET HSE,Domestic Building (住宅),
TS,167,FUNG SHEK ST,2,WING SHING HSE (BLK A),Domestic Building (住宅),
TS,168,HIN TAI ST,2,CHOI JUN SCHOOL,Insitutional Building/Others (學校/醫院/其他用途),
TS,169,HIN TIN ST,2,HELEN LIANG MEMORIAL SECONDAY SCHOOL (SHA TIN),Insitutional Building/Others (學校/醫院/其他用途),
TS,170,LUNG PAK ST,15,WORLD-WIDE GARDENS CYPRESS COURT (BLK 2),Domestic Building (住宅),
TS,171,MAN LAI RD,2,SHATIN CLINIC,Insitutional Building/Others (學校/醫院/其他用途),
TS,172,CHIK FAI ST,2,GRANDEUR GARDEN BLK1,Domestic Building (住宅),
TS,173,CHIK FAI ST,2,GRANDEUR GARDEN BLK2,Domestic Building (住宅),
TS,174,CHIK FAI ST,2,GRANDEUR GARDEN BLK3,Domestic Building (住宅),
TS,175,CHIK FAI ST,2,GRANDEUR GARDEN BLK4,Domestic Building (住宅),
TS,176,CHIK FAI ST,2,GRANDEUR GARDEN BLK5,Domestic Building (住宅),
TS,177,CHIK FAI ST,2,GRANDEUR GARDEN BLK6,Domestic Building (住宅),
TS,178,CHIK FAI ST,2,GRANDEUR SHOPPING ARCADE,Insitutional Building/Others (學校/醫院/其他用途),
TS,179,CHIK WAN ST,2,HOLFORD GARDENS FOOK KI COURT (TOWER 3),Domestic Building (住宅),
TS,180,CHIK WAN ST,2,HOLFORD GARDENS SHOPPING CENTRE,Insitutional Building/Others (學校/醫院/其他用途),
TS,181,CHIK WAN ST,2,HOLFORD GARDENS FOOK HEY COURT (TOWER 2),Domestic Building (住宅),
TS,182,CHIK WAN ST,2,HOLFORD GARDENS FOOK SIU COURT (TOWER 1),Domestic Building (住宅),
TS,183,SHING WAN RD,8,BIG ORANGE - TAI WAI HEALTH,Industrial Building/Godown (工廠大廈/倉庫),
TS,184,TIN SAM ST,20,CARADO GARDEN (BLK 1),Domestic Building (住宅),
TS,185,TO FUNG SHAN RD,20,VILLA LE PARC BLOCK G,Domestic Building (住宅),
TS,186,CHIK FUK ST,20,CHIK FUK ST,Composite Building (綜合式樓宇),
TS,187,TAI WAI RD,20,YAN ON BUILDING,Composite Building (綜合式樓宇),
TS,188,SHA TIN HEIGHTS RD,21,HAPPY VIEW HOUSE,Domestic Building (住宅),
TS,189,YAU ON ST,21,LAKEVIEW GARDEN TOWER 1,Domestic Building (住宅),
TS,190,YAU ON ST,21,LAKEVIEW GARDEN TOWER 2,Domestic Building (住宅),
TS,191,YAU ON ST,21,LAKEVIEW GARDEN TOWER 3,Domestic Building (住宅),
TS,192,YAU ON ST,21,LAKEVIEW GARDEN TOWER 4,Domestic Building (住宅),
TS,193,YAU ON ST,21,LAKEVIEW GARDEN TOWER 5,Domestic Building (住宅),
TS,194,YAU ON ST,21,LAKEVIEW GARDEN - HOUSE U,Domestic Building (住宅),
TS,195,SHING WAN RD,21,KINGLET INDUSTRIAL BUILDING,Industrial Building/Godown (工廠大廈/倉庫),
TS,196,CHIK CHUEN ST,22,KAI YUEN BUILDING,Domestic Building (住宅),
TS,197,TIN SAM ST,22,CARADO GARDEN (BLK 2),Domestic Building (住宅),
TS,198,MEI TIN RD,22-26,GLAMOUR GARDEN,Insitutional Building/Others (學校/醫院/其他用途),
TS,199,CHIK SHUN ST,23,KUT HING HSE,Domestic Building (住宅),
TS,200,MAN LAI RD,23,CARITAS SOCIAL CENTRE SHATIN,Insitutional Building/Others (學校/醫院/其他用途),
TS,201,TAI WAI RD,24,FU CHEONG HSE,Domestic Building (住宅),
TS,202,TIN SAM ST,24,CARADO GARDEN (BLK 3),Domestic Building (住宅),
TS,203,TIN SAM VILLAGE,240,240 TIN SAM VILLAGE,Insitutional Building/Others (學校/醫院/其他用途),
TS,204,TIN SAM VILLAGE,249,Wistful Cafe,Insitutional Building/Others (學校/醫院/其他用途),
TS,205,KENG HAU RD,25,THE BLOSSOM,Domestic Building (住宅),
TS,206,MEI TIN RD,25,MEI CHUNG COURT FU CHUNG HSE (BLK A),Domestic Building (住宅),
TS,207,SHING WAN RD,25/27,SHING CHUEN INDUSTRIAL BUILDING,Industrial Building/Godown (工廠大廈/倉庫),
TS,208,TIN SAM ST,26,CARADO GARDEN (BLK 4),Domestic Building (住宅),
TS,209,MEI TIN RD,27,MEI CHUNG COURT LAI CHUNG HSE (BLK B),Domestic Building (住宅),
TS,210,CHIK CHUEN ST,28,LIN KING HSE,Domestic Building (住宅),
TS,211,TIN SAM ST,28,CARADO GARDEN (BLK 5),Domestic Building (住宅),
TS,212,TAI WAI RD,28/30,CHUNG PAK LAU,Domestic Building (住宅),
TS,213,MEI TIN RD,29,MEI CHUNG COURT HING CHUNG HSE (BLK C),Domestic Building (住宅),
TS,214,Sha Tin Tau Road,29,Sun Tin Wai Estate Foo Wai House,Domestic Building (住宅),
TS,215,Sha Tin Tau Road,29,Sun Tin Wai Estate Fook Wai House,Domestic Building (住宅),
TS,216,Sha Tin Tau Road,29,Sun Tin Wai Estate Sha Tin Methodist College,Insitutional Building/Others (學校/醫院/其他用途),
TS,217,Sha Tin Tau Road,29,Sun Tin Wai Estate Shing Wai House,Domestic Building (住宅),
TS,218,Sha Tin Tau Road,29,Sun Tin Wai Estate Sun Tin Wai Shopping Centre,Commercial Building (商業大廈),
TS,219,Sha Tin Tau Road,29,Sun Tin Wai Estate Wing Wai House,Domestic Building (住宅),
TS,220,Sha Tin Tau Road,29,Sun Tin Wai Estate Yan Wai House,Domestic Building (住宅),
TS,221,Sha Tin Tau Road,29,Sun Tin Wai Estate Yu Wai House,Domestic Building (住宅),
TS,222,Sha Tin Tau Road,29,Sun Tin Wai Estate Bus Terminus,Insitutional Building/Others (學校/醫院/其他用途),
TS,223,Sha Tin Tau Road,29,Sun Tin Wai Estate Sun Tin Wai Shopping Centre,Commercial Building (商業大廈),
TS,224,Shing Ho Road,29,Ping Yuen,Composite Building (綜合式樓宇),
TS,225,Tai Wai Road,29,Kam Shan Building (Block 1),Composite Building (綜合式樓宇),
TS,226,Tung Lo Wan Hill Road,29,29 Tung Lo Wan Hill Road,Domestic Building (住宅),
TS,227,Sha Tin Heights Road,29/31,Chase Villa,Domestic Building (住宅),
TS,228,Hin Tin Street,3,Ka Tin Court Ka Yin House (Block C),Domestic Building (住宅),
TS,229,Mei Tin Road,30,Mei Lam Estate Buddhist Wong Wan Tin College,Insitutional Building/Others (學校/醫院/其他用途),
TS,230,Mei Tin Road,30,Mei Lam Estate Lock Tao Secondary School,Insitutional Building/Others (學校/醫院/其他用途),
TS,231,Mei Tin Road,30,Mei Lam Estate Mei Fung House,Domestic Building (住宅),
TS,232,Mei Tin Road,30,Mei Lam Estate Mei Wai House,Domestic Building (住宅),
TS,233,Mei Tin Road,30,Mei Lam Estate Mei Yeung House,Domestic Building (住宅),
TS,234,Mei Tin Road,30,Mei Lam Estate Mei Lam Shopping Centre,Commercial Building (商業大廈),
TS,235,Mei Tin Road,30,Mei Lam Estate Mei Lam Sports Centre,Insitutional Building/Others (學校/醫院/其他用途),
TS,236,Mei Tin Road,30,Mei Lam Estate Mei Tao House,Domestic Building (住宅),
TS,237,Mei Tin Road,30,Mei Lam Estate Sung Lan Middle School,Insitutional Building/Others (學校/醫院/其他用途),
TS,238,Mei Tin Road,30,Mei Lam Estate T.W.G.Hs. Tam Shiu Primary School,Insitutional Building/Others (學校/醫院/其他用途),
TS,239,Tin Sam Street,30,Carado Garden (Block 6),Domestic Building (住宅),
TS,240,Chik Fu Street,31,Rich Court,Domestic Building (住宅),
TS,241,Mei Tin Road,31,Mei Chung Court Shing Chung House (Block D),Domestic Building (住宅),
TS,242,Man Lai Road,31/33,Immaculate Heart Of Mary Kindergarten,Insitutional Building/Others (學校/醫院/其他用途),
TS,243,Chik Chuen Street,32,Lin King House,Composite Building (綜合式樓宇),
TS,244,Mei Tin Road,32,May Shing Court Kwai Shing House (Block A),Domestic Building (住宅),
TS,245,Tai Wai Village,32,32 Tai Wai Village,Domestic Building (住宅),
TS,246,Chik Fu Street,33,Chik Hong Mansion,Composite Building (綜合式樓宇),
TS,247,Mei Tin Road,33,Mei Chung Court Hong Chung House (Block E),Domestic Building (住宅),
TS,248,To Fung Shan Road,33,33 To Fung Shan Road,Insitutional Building/Others (學校/醫院/其他用途),
TS,249,Tung Lo Wan Hill Road,33,33 Tung Lo Wan Hill Road,Insitutional Building/Others (學校/醫院/其他用途),
TS,250,Chik Chuen Street,34,On Fu Mansion,Composite Building (綜合式樓宇),
TS,251,Mei Tin Road,34,May Shing Court Yat Shing House (Block B),Domestic Building (住宅),
TS,252,Mei Tin Road,35,Mei Chung Court Lok Chung House (Block F),Domestic Building (住宅),
TS,253,Tsuen Nam Road,35,Grandway Garden (Block 3),Domestic Building (住宅),
TS,254,Man Lai Road,35/37,Immaculate Heart Of Mary School,Insitutional Building/Others (學校/醫院/其他用途),
TS,255,Chik Fu Street,35/47,Chik Kin Mansion,Composite Building (綜合式樓宇),
TS,256,First Street Tai Wai Village,36,Block A,Domestic Building (住宅),
TS,257,First Street Tai Wai Village,36,Block B,Domestic Building (住宅),
TS,258,"First Street, Tai Wai Village",36,"36 First Street, Tai Wai Village",Domestic Building (住宅),
TS,259,Mei Tin Road,36,May Shing Court Fai Shing House (Block C),Domestic Building (住宅),
TS,260,Mei Tin Road,36,May Shing Court Fai Shing House (Block C),Domestic Building (住宅),
TS,261,Tai Wai Road,37/47,Yiu Po Mansion,Composite Building (綜合式樓宇),
TS,262,Chik Fuk Street,38,T.W.G.Hs. Sin Chu Wan Primary School,Insitutional Building/Others (學校/醫院/其他用途),
TS,263,Chik Chuen Street,38/44,Ka Chuen House,Composite Building (綜合式樓宇),
TS,264,Man Lai Road,39,Caritas Lok Jun School,Insitutional Building/Others (學校/醫院/其他用途),
TS,265,Sha Tin Heights Road,39/41,Ascot Villa,Domestic Building (住宅),
TS,266,West Lane Tai Wai Village,39A,39A West Lane Tai Wai Village,Domestic Building (住宅),
TS,267,Chik Fuk Street,4,4 Chik Fuk Street,Composite Building (綜合式樓宇),
TS,268,Chik Sau Lane,4,Cheung Hing Mansion,Domestic Building (住宅),
TS,269,Fung Shek Street,4,Fung Shing Court Wah Shing House (Block B),Domestic Building (住宅),
TS,270,Hin Tin Street,4,Ka Tin Court Ka Wing House (Block F),Domestic Building (住宅),
TS,271,Lung Pak Street,4,World-Wide Gardens Begonia Court (Block 1),Domestic Building (住宅),
TS,272,Tsuen Nam Road,41,Tai On Building,Composite Building (綜合式樓宇),
TS,273,West Lane Tai Wai Village,41,41 West Lane Tai Wai Village,Domestic Building (住宅),
TS,274,Tai Wai Road,42,Ka Po House,Domestic Building (住宅),
TS,275,Man Lai Road,43,Man Lai Court (Block 4),Domestic Building (住宅),
TS,276,Tsuen Nam Road,43,Tai On Building,Composite Building (綜合式樓宇),
TS,277,Man Lai Road,45,Man Lai Court (Block 3),Domestic Building (住宅),
TS,278,Tai Wai Road,46,Mei Lun House,Composite Building (綜合式樓宇),
TS,279,Man Lai Road,47,Man Lai Court (Block 2),Domestic Building (住宅),
TS,280,Tai Wai Road,48,Yue Huen House,Composite Building (綜合式樓宇),
TS,281,Man Lai Road,49,Man Lai Court (Block 1),Domestic Building (住宅),
TS,282,Tai Wai Road,49/53,Yuet On Building,Composite Building (綜合式樓宇),
TS,283,Chik Fu Street,49-55,On Ting Mansion,Composite Building (綜合式樓宇),
TS,284,First Street Tai Wai Village,5,Block A,Domestic Building (住宅),
TS,285,First Street Tai Wai Village,5,Block B,Domestic Building (住宅),
TS,286,First Street Tai Wai Village,5,Block C,Domestic Building (住宅),
TS,287,Hang Lok Lane,5,Harmony Lodge House 1,Domestic Building (住宅),
TS,288,Hang Lok Lane,5,Harmony Lodge House 10,Domestic Building (住宅),
TS,289,Hang Lok Lane,5,Harmony Lodge House 11,Domestic Building (住宅),
TS,290,Hang Lok Lane,5,Harmony Lodge House 12,Domestic Building (住宅),
TS,291,Hang Lok Lane,5,Harmony Lodge House 12a,Domestic Building (住宅),
TS,292,Hang Lok Lane,5,Harmony Lodge House 14,Domestic Building (住宅),
TS,293,Hang Lok Lane,5,Harmony Lodge House 16,Domestic Building (住宅),
TS,294,Hang Lok Lane,5,Harmony Lodge House 17,Domestic Building (住宅),
TS,295,Hang Lok Lane,5,Harmony Lodge House 19,Domestic Building (住宅),
TS,296,Hang Lok Lane,5,Harmony Lodge House 2,Domestic Building (住宅),
TS,297,Hang Lok Lane,5,Harmony Lodge House 20,Domestic Building (住宅),
TS,298,Hang Lok Lane,5,Harmony Lodge House 3,Domestic Building (住宅),
TS,299,Hang Lok Lane,5,Harmony Lodge House 4,Domestic Building (住宅),
TS,300,Hang Lok Lane,5,Harmony Lodge House 5,Domestic Building (住宅),
TS,301,Hang Lok Lane,5,Harmony Lodge House 6,Domestic Building (住宅),
TS,302,Hang Lok Lane,5,Harmony Lodge House 7,Domestic Building (住宅),
TS,303,Hang Lok Lane,5,Harmony Lodge House 8,Domestic Building (住宅),
TS,304,Hang Lok Lane,5,Harmony Lodge House 9,Domestic Building (住宅),
TS,305,Hin Wo Lane,5,Hin Keng Neighbourhood Community Centre,Insitutional Building/Others (學校/醫院/其他用途),
TS,306,Lung Pak Street,5,World-Wide Gardens Pine Court (Block 6),Domestic Building (住宅),
TS,307,Chui Tin Street,5/7,Golden Lion Garden Phase I Golden Beauty Court (Block B),Domestic Building (住宅),
TS,308,Chui Tin Street,5/7,Golden Lion Garden Phase I Golden Carnival Court (Block D),Domestic Building (住宅),
TS,309,Chui Tin Street,5/7,Golden Lion Garden Phase I Golden Glory Court (Block E),Domestic Building (住宅),
TS,310,Chui Tin Street,5/7,Golden Lion Garden Phase I Golden Harmony Court (Block C),Domestic Building (住宅),
TS,311,Chui Tin Street,5/7,Golden Lion Garden Phase I Golden Harvest Court (Block F),Domestic Building (住宅),
TS,312,Chui Tin Street,5/7,Golden Lion Garden Phase I Golden Healthy Court (Block A),Domestic Building (住宅),
TS,313,Lung Pak Street,5/9,World-Wide Gardens Pine Court Hibiscus Court & Lily Court,Domestic Building (住宅),
TS,314,Sha Tin Heights Road,5/9,Mount Pleasure,Domestic Building (住宅),
TS,315,Tai Wai Road,50,Yee Shuen Mansion,Composite Building (綜合式樓宇),
TS,316,Tsuen Nam Road,51,Tai On Building,Composite Building (綜合式樓宇),
TS,317,Chik Shun Street,53,Yung Woon Building,Composite Building (綜合式樓宇),
TS,318,Tsuen Nam Road,53,Kam Cheung Building,Composite Building (綜合式樓宇),
TS,319,Tai Wai Road,54-58,Lai Ming House,Composite Building (綜合式樓宇),
TS,320,Tai Wai Road,55/65,Grandeur Garden Grandeur Shopping Arcade,Insitutional Building/Others (學校/醫院/其他用途),
TS,321,Chik Fu Street,57/69,Chik Fu Mansion,Composite Building (綜合式樓宇),
TS,322,Chik Shun Street,59,Chik Shun Building,Composite Building (綜合式樓宇),
TS,323,Ninth Street Tai Wai Village,5AB,5AB Ninth Street Tai Wai Village,Domestic Building (住宅),
TS,324,Fung Shek Street,6,Fung Shing Court Fu Shing House (Block C),Domestic Building (住宅),
TS,325,Hin Tin Street,6,Ka Tin Court Ka Yee House (Block E),Domestic Building (住宅),
TS,326,Tenth Street Tai Wai Village,6,6 Tenth Street Tai Wai Village,Composite Building (綜合式樓宇),
TS,327,Chik Chuen Street,60/68,60/68 Chik Chuen Street,Composite Building (綜合式樓宇),
TS,328,Tsuen Nam Road,61,Kam Cheong Building,Composite Building (綜合式樓宇),
TS,329,Tsuen Nam Road,63,Kam Cheong Building,Composite Building (綜合式樓宇),
TS,330,Tsuen Nam Road,65/69,Wing Fu Building,Composite Building (綜合式樓宇),
TS,331,Chik Shun Street,66,66 Chik Shun Street,Composite Building (綜合式樓宇),
TS,332,Tai Wai Road,66/68/70/72,Wah Mee House,Composite Building (綜合式樓宇),
TS,333,Che Kung Miu Road,68,Hin Tin Swimming Pool,Insitutional Building/Others (學校/醫院/其他用途),
TS,334,Che Kung Miu Road,69,Hin Keng Estate Carmel Alison Lam Primary School,Insitutional Building/Others (學校/醫院/其他用途),
TS,335,Che Kung Miu Road,69,Hin Keng Estate Hin Fu House (Block 8),Domestic Building (住宅),
TS,336,Che Kung Miu Road,69,Hin Keng Estate Hin Hing House (Block 4),Domestic Building (住宅),
TS,337,Che Kung Miu Road,69,Hin Keng Estate Hin Keng Shopping Centre,Insitutional Building/Others (學校/醫院/其他用途),
TS,338,Che Kung Miu Road,69,Hin Keng Estate Hin Kwai House (Block 7),Domestic Building (住宅),
TS,339,Che Kung Miu Road,69,Hin Keng Estate Hin Pui House (Block 1),Domestic Building (住宅),
TS,340,Che Kung Miu Road,69,Hin Keng Estate Hin Tak House (Block 2),Domestic Building (住宅),
TS,341,Che Kung Miu Road,69,Hin Keng Estate Hin Wan House (Block 6),Domestic Building (住宅),
TS,342,Che Kung Miu Road,69,Hin Keng Estate Hin Yau House (Block 5),Domestic Building (住宅),
TS,343,Che Kung Miu Road,69,Hin Keng Estate Hin Yeung House (Block 3),Domestic Building (住宅),
TS,344,Che Kung Miu Road,69,Hin Keng Estate Hin Fu House (Block 8),Domestic Building (住宅),
TS,345,Che Kung Miu Road,69,Hin Keng Estate Hin Hing House (Block 4),Domestic Building (住宅),
TS,346,Che Kung Miu Road,69,Hin Keng Estate Hin Keng Shopping Centre,Insitutional Building/Others (學校/醫院/其他用途),
TS,347,Che Kung Miu Road,69,Hin Keng Estate Hin Keng Sports Centre,Insitutional Building/Others (學校/醫院/其他用途),
TS,348,Che Kung Miu Road,69,Hin Keng Estate Hin Pui House (Block 1),Domestic Building (住宅),
TS,349,Che Kung Miu Road,69,Hin Keng Estate Hin Tak House (Block 2),Domestic Building (住宅),
TS,350,Hang Lok Lane,7,Mantex Villa House 1,Domestic Building (住宅),
TS,351,Hang Lok Lane,7,Mantex Villa House 10,Domestic Building (住宅),
TS,352,Hang Lok Lane,7,Mantex Villa House 11,Domestic Building (住宅),
TS,353,Hang Lok Lane,7,Mantex Villa House 2,Domestic Building (住宅),
TS,354,Hang Lok Lane,7,Mantex Villa House 3,Domestic Building (住宅),
TS,355,Hang Lok Lane,7,Mantex Villa House 4,Domestic Building (住宅),
TS,356,Hang Lok Lane,7,Mantex Villa House 5,Domestic Building (住宅),
TS,357,Hang Lok Lane,7,Mantex Villa House 6,Domestic Building (住宅),
TS,358,Hang Lok Lane,7,Mantex Villa House 7,Domestic Building (住宅),
TS,359,Hang Lok Lane,7,Mantex Villa House 8,Domestic Building (住宅),
TS,360,Hang Lok Lane,7,Mantex Villa House 9,Domestic Building (住宅),
TS,361,Lung Pak Street,7,World-Wide Gardens Hibiscus Court (Block 5),Domestic Building (住宅),
TS,362,Tai Wai Road,7,Kam Shan Building (Block 2),Composite Building (綜合式樓宇),
TS,363,Yau Ting Street,7,Po Leung Kuk Li Shiu Chung Memorial Rehabilitation Centre,Insitutional Building/Others (學校/醫院/其他用途),
TS,364,Chik Fai Street,7/9,Hing Shing Building,Composite Building (綜合式樓宇),
TS,365,Chik Chuen Street,70,King Sing House,Composite Building (綜合式樓宇),
TS,366,Chik Fu Street,71,Rich Mansion,Composite Building (綜合式樓宇),
TS,367,Tsuen Nam Road,71/75,Moon Wah Mansion,Composite Building (綜合式樓宇),
TS,368,Chik Chuen Street,74,Hing Wan House,Composite Building (綜合式樓宇),
TS,369,Tai Wai Road,74,Shu Tak Building,Composite Building (綜合式樓宇),
TS,370,Chik Shun Street,75,Lap Wo House,Composite Building (綜合式樓宇),
TS,371,Tsuen Nam Road,77,Lai Sing Mansion,Composite Building (綜合式樓宇),
TS,372,Chik Chuen Street,78,Kong Yip House,Composite Building (綜合式樓宇),
TS,373,Hang Lok Lane,8,Man Lin Villa,Domestic Building (住宅),
TS,374,Hin Tai Street,8,Parc Royale Tower 1,Domestic Building (住宅),
TS,375,Hin Tai Street,8,Parc Royale Tower 10,Domestic Building (住宅),
TS,376,Hin Tai Street,8,Parc Royale Tower 11,Domestic Building (住宅),
TS,377,Hin Tai Street,8,Parc Royale Tower 12,Domestic Building (住宅),
TS,378,Hin Tai Street,8,Parc Royale Tower 2,Domestic Building (住宅),
TS,379,Hin Tai Street,8,Parc Royale Tower 3,Domestic Building (住宅),
TS,380,Hin Tai Street,8,Parc Royale Tower 5,Domestic Building (住宅),
TS,381,Hin Tai Street,8,Parc Royale Tower 6,Domestic Building (住宅),
TS,382,Hin Tai Street,8,Parc Royale Tower 7,Domestic Building (住宅),
TS,383,Hin Tai Street,8,Parc Royale Tower 8,Domestic Building (住宅),
TS,384,Hin Tai Street,8,Parc Royale Tower 9,Domestic Building (住宅),
TS,385,Hin Tin Street,8,Ka Tin Court Ka Kei House (Block B),Domestic Building (住宅),
TS,386,Pik Tin Street,8,Park View Garden Block 1,Domestic Building (住宅),
TS,387,Pik Tin Street,8,Park View Garden Block 2,Domestic Building (住宅),
TS,388,Sha Tin Heights Road,8,Godi,Domestic Building (住宅),
TS,389,Tai Wai Road,8,Lung Wah House,Composite Building (綜合式樓宇),
TS,390,Tung Lo Wan Hill Road,8,The Great Hill Block 2,Domestic Building (住宅),
TS,391,Tung Lo Wan Hill Road,8,The Great Hill Block 3,Domestic Building (住宅),
TS,392,Tung Lo Wan Hill Road,8,The Great Hill Block 1,Domestic Building (住宅),
TS,393,Fu Kin Street,8/12,Julimount Garden Block 1,Domestic Building (住宅),
TS,394,Fu Kin Street,8/12,Julimount Garden Block 2,Domestic Building (住宅),
TS,395,Fu Kin Street,8/12,Julimount Garden Block 3,Domestic Building (住宅),
TS,396,Sheung Keng Hau,80,80 Sheung Keng Hau,Composite Building (綜合式樓宇),
TS,397,Tai Po Road,8003,Sha Tin Heights,Domestic Building (住宅),
TS,398,Tai Po Road,8006,Sha Tin Heights Woodcrest Hill Block 1,Domestic Building (住宅),
TS,399,Tai Po Road,8006,Sha Tin Heights Woodcrest Hill Block 10,Domestic Building (住宅),
TS,400,Tai Po Road,8006,Sha Tin Heights Woodcrest Hill Block 11,Domestic Building (住宅),
TS,401,Tai Po Road,8006,Sha Tin Heights Woodcrest Hill Block 12,Domestic Building (住宅),
TS,402,Tai Po Road,8006,Sha Tin Heights Woodcrest Hill Block 13,Domestic Building (住宅),
TS,403,Tai Po Road,8006,Sha Tin Heights Woodcrest Hill Block 14,Domestic Building (住宅),
TS,404,Tai Po Road,8006,Sha Tin Heights Woodcrest Hill Block 15,Domestic Building (住宅),
TS,405,Tai Po Road,8006,Sha Tin Heights Woodcrest Hill Block 17,Domestic Building (住宅),
TS,406,Tai Po Road,8006,Sha Tin Heights Woodcrest Hill Block 18,Domestic Building (住宅),
TS,407,Tai Po Road,8006,Sha Tin Heights Woodcrest Hill Block 2,Domestic Building (住宅),
TS,408,Tai Po Road,8006,Sha Tin Heights Woodcrest Hill Block 3,Domestic Building (住宅),
TS,409,Tai Po Road,8006,Sha Tin Heights Woodcrest Hill Block 4,Domestic Building (住宅),
TS,410,Tai Po Road,8006,Sha Tin Heights Woodcrest Hill Block 5,Domestic Building (住宅),
TS,411,Tai Po Road,8006,Sha Tin Heights Woodcrest Hill Block 6,Domestic Building (住宅),
TS,412,Tai Po Road,8006,Sha Tin Heights Woodcrest Hill Block 7,Domestic Building (住宅),
TS,413,Tai Po Road,8006,Sha Tin Heights Woodcrest Hill Block 8,Domestic Building (住宅),
TS,414,Tai Po Road,8006,Sha Tin Heights Woodcrest Hill Block 9,Domestic Building (住宅),
TS,415,Chik Chuen Street,82,Lin Fung House,Composite Building (綜合式樓宇),
TS,416,Tai Po Road,8623,Sha Tin Heights Carpark 7 Ohers STTL 467,Insitutional Building/Others (學校/醫院/其他用途),
TS,417,Hang Lok Lane,9,On Lok Villa,Domestic Building (住宅),
TS,418,Lung Pak Street,9,World-Wide Gardens Lily Court (Block 4),Domestic Building (住宅),
TS,419,Shing Ho Road,9,9 Shing Ho Road,Domestic Building (住宅),
TS,420,Yau Ting Street,9,Po Leung Kuk Y.C. Cheng Centre,Insitutional Building/Others (學校/醫院/其他用途),
TS,421,Shing Wan Road,9/11,San Miguel Industrial Building,Industrial Building/Godown (工廠大廈/倉庫),
TS,422,Tin Sam Village,92,Lot 1698 DD 189,Domestic Building (住宅),
TS,423,Tin Sam Village,92,92 Tin Sam Village,Domestic Building (住宅),
TS,424,Hin Tin,93,93 Hin Tin,Composite Building (綜合式樓宇),
TS,425,Tai Wai Road,94,Tin Po Building,Composite Building (綜合式樓宇),
TS,426,Tai Wai Road,96,Tin Po Building,Composite Building (綜合式樓宇),
TS,427,Tin Sam,96B,96B Tin Sam,Insitutional Building/Others (學校/醫院/其他用途),
TS,428,Tai Wai Road,98,Tin Po Building,Composite Building (綜合式樓宇),
TS,429,Mei Tin Road,25,"Access Road , Mei Chung Court",Insitutional Building/Others (學校/醫院/其他用途),
TS,430,,,"Access Road(Eva), Ka Tin Court",Insitutional Building/Others (學校/醫院/其他用途),
TS,431,,,"Access Road(Eva), May Shing Court",Insitutional Building/Others (學校/醫院/其他用途),
TS,432,Pik Tin Street,18,"Access Road, Granville Garden",Insitutional Building/Others (學校/醫院/其他用途),
TS,433,Tai Po Rd,,United Campus Cuhk Sttl 437,Insitutional Building/Others (學校/醫院/其他用途),
TS,434,Tung Lo Wan Hill Road,18,Peak One Phase 2 - Sky One Sttl 438,Domestic Building (住宅),
TS,435,"Beacon Hill North Off-Take Station, Near Hin Keng Estate, Tai Wai, Nt, St5/138",,Beacon Hill North Off-Take Station,Insitutional Building/Others (學校/醫院/其他用途),
TS,436,Sha Tin Heights Road,29-31,Block 1 Chase Villa,Domestic Building (住宅),
TS,437,Chik Chuen Street,46-56,Block 1 Kwai Wai Building,Composite Building (綜合式樓宇),
TS,438,Sha Tin Heights Road,29-31,Block 2 Chase Villa,Domestic Building (住宅),
TS,439,Chik Chuen Street,46-56,Block 2 Kwai Wai Building,Composite Building (綜合式樓宇),
TS,440,Sha Tin Heights Road,29-31,Block 3 Chase Villa,Domestic Building (住宅),
TS,441,Sha Tin Tau Road,29,Block 3 Fung Wai House,Domestic Building (住宅),
TS,442,Tai Po Road (Shatin Heights),8003,Block A,Domestic Building (住宅),
TS,443,Chik Shun Street,31-51,Block A On Shun Building,Composite Building (綜合式樓宇),
TS,444,Shing Ho Road,19-25,Block A Shing Ho Building,Composite Building (綜合式樓宇),
TS,445,Chik Shun Street,31-51,Block B,Composite Building (綜合式樓宇),
TS,446,Shing Ho Road,19-25,Block B Shing Ho Building,Composite Building (綜合式樓宇),
TS,447,Tai Po Road,8003,Block C,Domestic Building (住宅),
TS,448,Tai Po Road,8003,Block D,Domestic Building (住宅),
TS,449,Tai Po Road,8003,Block E,Domestic Building (住宅),
TS,450,Tai Po Road,8003,Block F,Domestic Building (住宅),
TS,451,Tai Po Road,8003,Block G,Domestic Building (住宅),
TS,452,Tai Po Road,8003,Block H,Domestic Building (住宅),
TS,453,Tin Sam Street &  Fu Tin Lane,10-30 & 1/9,Carado Garden,Domestic Building (住宅),
TS,454,Tin Sam Street,10-18,Carado Garden Commercial Complex,Composite Building (綜合式樓宇),
TS,455,Fu Tin Lane,1-9,Carado Garden Commercial Complex,Composite Building (綜合式樓宇),
TS,456,Tin Sam Street &  Fu Tin Lane,10-30 & 1/9,Carado Garden Shop And Carpark Building,Composite Building (綜合式樓宇),
TS,457,Tung Lo Wan Hill Road,18,"Carpark & Clubhouse, Peak One Phase 2 - Sky One",Composite Building (綜合式樓宇),
TS,458,Hin Keng Street,16,"Carpark & Common Area, Ka Keng Court",Composite Building (綜合式樓宇),
TS,459,Tsuen Nam Road,15-35,Carpark & Shopping Building,Composite Building (綜合式樓宇),
TS,460,Che Kung Miu Rd,,Hin Tin Playground,Insitutional Building/Others (學校/醫院/其他用途),
TS,461,Chik Wan Street,10,"China Light & Power Co., Ltd Chik Wan Street Substation",Insitutional Building/Others (學校/醫院/其他用途),
TS,462,Shing Tin Street,1,Chun Shek Estate - Carpark 3,Insitutional Building/Others (學校/醫院/其他用途),
TS,463,Chun Shek Estate & Shing Tin Street,1 & 1,Chun Shek Estate - Market/Carpark & Market/Cp 1,Insitutional Building/Others (學校/醫院/其他用途),
TS,464,Shing Tin Street,1,Chun Shek Estate - Shek Jing House,Domestic Building (住宅),
TS,465,Shing Tin Street,1,Chun Shek Estate- Access Road,Insitutional Building/Others (學校/醫院/其他用途),
TS,466,Pik Tin Street,18,"Club House / Carpark, Granville Garden",Insitutional Building/Others (學校/醫院/其他用途),
TS,467,Mei Tin Road,1,"Club House, Festival City Iii",Insitutional Building/Others (學校/醫院/其他用途),
TS,468,Mei Tin Road,1,Clubhouse Festival City (Phase 2),Insitutional Building/Others (學校/醫院/其他用途),
TS,469,Hin Tin Street,3,Cuhk Faa Thomas Cheung Primary School,Insitutional Building/Others (學校/醫院/其他用途),
TS,470,,,Cuhk Federation Of Alumni Association Thomas Cheung School Ka Tin Court Hin Keng Estate,Insitutional Building/Others (學校/醫院/其他用途),
TS,471,Chik Chuen Street,,D.D. 180,Domestic Building (住宅),
TS,472,Tai Wai New Village,9,Dd 180 Lot 999,Domestic Building (住宅),
TS,473,Ha Keng Hau Village,89,Dd 189 Lot 1563,Domestic Building (住宅),
TS,474,Tung Lo Wan Hill Rd,1,Elchk Shatin Lutheran Kindergarten,Insitutional Building/Others (學校/醫院/其他用途),
TS,475,Mei Tin Road,1,Festival City - Clubhouse & Carpark,Insitutional Building/Others (學校/醫院/其他用途),
TS,476,Mei Tin Road,1,Festival City - Social Welfare Facility,Insitutional Building/Others (學校/醫院/其他用途),
TS,477,Mei Tin Road,1,Festival City (Phase 1) - Tower 1,Domestic Building (住宅),
TS,478,Mei Tin Road,1,Festival City (Phase 2) - Carpark & Shopping Arcad,Insitutional Building/Others (學校/醫院/其他用途),
TS,479,Mei Tin Road,1,"Tower 2 , Festival City (Phase 2)",Domestic Building (住宅),
TS,480,Mei Tin Road,1,"Tower 1, Festival City Iii",Domestic Building (住宅),
TS,481,Mei Tin Road,1,"Tower 2, Festival City Iii",Domestic Building (住宅),
TS,482,Mei Tin Road,1,"Tower 3, Festival City Iii",Domestic Building (住宅),
TS,483,Mei Tin Road,1,"Tower 5, Festival City Iii",Domestic Building (住宅),
TS,484,Mei Tin Road,1,Festival City Phase 3 Carpark Clubhouse,Insitutional Building/Others (學校/醫院/其他用途),
TS,485,Mei Tin Road,30,Free Methodist Mei Lam Primary School 循理會美林小學,Insitutional Building/Others (學校/醫院/其他用途),
TS,486,Fu Kin Street,,Fu Kin Street Public Toilet,Insitutional Building/Others (學校/醫院/其他用途),
TS,487,Yau On Street,10,Fu Shan Crematorium & Columbarium,Insitutional Building/Others (學校/醫院/其他用途),
TS,488,Yau On Street,10,Fu Shan Public Mortuary,Insitutional Building/Others (學校/醫院/其他用途),
TS,489,Shatin Heights Road,8,Godi 戈林 - Carpark,Insitutional Building/Others (學校/醫院/其他用途),
TS,490,Shatin Heights Road,8,"House 1, Godi",Domestic Building (住宅),
TS,491,Shatin Heights Road,8,"House 10, Godi",Domestic Building (住宅),
TS,492,Shatin Heights Road,8,"House 2, Godi",Domestic Building (住宅),
TS,493,Shatin Heights Road,8,"House 3, Godi",Domestic Building (住宅),
TS,494,Shatin Heights Road,8,"House 5, Godi",Domestic Building (住宅),
TS,495,Shatin Heights Road,8,"House 6, Godi",Domestic Building (住宅),
TS,496,Shatin Heights Road,8,"House 7, Godi",Domestic Building (住宅),
TS,497,Shatin Heights Road,8,"House 8, Godi",Domestic Building (住宅),
TS,498,Shatin Heights Road,8,"House 9, Godi",Domestic Building (住宅),
TS,499,Shatin Heights Road,8,"House A, Godi",Domestic Building (住宅),
TS,500,Shatin Heights Road,8,"House B, Godi",Domestic Building (住宅),
TS,501,Golden Lion Garden Phase 1,,Golden Lion Garden Phase 1,Domestic Building (住宅),
TS,502,Golden Lion Garden Phase Ii - Podium Block,,Golden Lion Garden Phase Ii - Podium Block,Domestic Building (住宅),
TS,503,Greenview Garden - Carpark,,Greenview Garden - Carpark,Insitutional Building/Others (學校/醫院/其他用途),
TS,504,Harmony Lodge - Carpark & Others,,Harmony Lodge - Carpark & Others,Insitutional Building/Others (學校/醫院/其他用途),
TS,505,Hin Tai Street,18,Hill Paramount 名家匯 - Podium,Domestic Building (住宅),
TS,506,Hin Tai Street,18,Hill Paramount 名家匯 - Block 1,Domestic Building (住宅),
TS,507,Hin Tai Street,18,Hill Paramount 名家匯 - Block 2,Domestic Building (住宅),
TS,508,Hin Tai Street,18,Hill Paramount 名家匯 - House 1,Domestic Building (住宅),
TS,509,Hin Tai Street,18,Hill Paramount 名家匯 - House 2,Domestic Building (住宅),
TS,510,Hin Tai Street,18,Hill Paramount 名家匯 - House 3,Domestic Building (住宅),
TS,511,Hin Tai Street,18,Hill Paramount 名家匯 - House 5,Domestic Building (住宅),
TS,512,Hin Tai Street,18,Hill Paramount 名家匯 - Podium,Domestic Building (住宅),
TS,513,Hin Tai Street,18,Hill Paramount 名家匯 - Block 1,Domestic Building (住宅),
TS,514,Hin Tai Street,18,Hill Paramount 名家匯 - Block 2,Domestic Building (住宅),
TS,515,Hin Tai Street,18,Hill Paramount 名家匯 - House 1,Domestic Building (住宅),
TS,516,Hin Tai Street,18,Hill Paramount 名家匯 - House 2,Domestic Building (住宅),
TS,517,Hin Tai Street,18,Hill Paramount 名家匯 - House 3,Domestic Building (住宅),
TS,518,Hin Tai Street,18,Hill Paramount 名家匯 - House 5,Domestic Building (住宅),
TS,519,Che Kung Miu Rd,69,Hin Keng Estate Hin Keng Cooked Food Stalls,Industrial Building/Godown (工廠大廈/倉庫),
TS,520,Che Kung Miu Rd,69,Hin Keng Estate - Eva / Access Road,Insitutional Building/Others (學校/醫院/其他用途),
TS,521,Che Kung Miu Rd,69,"Roof Of Hin Pui House, Hin Keng Estate",Domestic Building (住宅),
TS,522,Che Kung Miu Rd,69,Hin Keng Shopping Centre (Wing B) & Hin Keng Estate Multi-Storey Carpark With Hin Keng Market,Insitutional Building/Others (學校/醫院/其他用途),
TS,523,Chik Wan Street,2-8,Holford Shopping Centre,Insitutional Building/Others (學校/醫院/其他用途),
TS,524,Chik Fuk Street,76-82,Hong Lok House Block 1,Domestic Building (住宅),
TS,525,Chik Fuk Street,84-90,Hong Lok House Block 2,Domestic Building (住宅),
TS,526,Chik Fuk Street,92-100,Hong Lok House Block 3,Domestic Building (住宅),
TS,527,Tung Lo Wan Hill Road,8,House 2,Domestic Building (住宅),
TS,528,Tung Lo Wan Hill Road,8,House 3,Domestic Building (住宅),
TS,529,Tung Lo Wan Hill Road,8,House 5,Domestic Building (住宅),
TS,530,Tung Lo Wan Hill Road,8,House 6,Domestic Building (住宅),
TS,531,Tung Lo Wan Hill Road,8,House 7,Domestic Building (住宅),
TS,532,Tung Lo Wan Hill Road,8,House 8,Domestic Building (住宅),
TS,533,Tung Lo Wan Hill Road,8,House 9,Domestic Building (住宅),
TS,534,Mei Tin Road,1,Immaculate Heart Of Mary School,Insitutional Building/Others (學校/醫院/其他用途),
TS,535,Fu Kin Street,8-12,Julimount Garden - Carpark/Shops/Swimming Pool,Insitutional Building/Others (學校/醫院/其他用途),
TS,536,Hin Tin Street,3,Ka Tin Court Carpark Building,Insitutional Building/Others (學校/醫院/其他用途),
TS,537,Kak Tin Street,,Kak Tin Street Playground,Insitutional Building/Others (學校/醫院/其他用途),
TS,538,Tsuen Nam Road,53-63,Kam Cheung Building,Domestic Building (住宅),
TS,539,Tai Wai Road & Tai Wai Road,1-35 & 7-29,"Podium (Shops), Kam Shan Building",Domestic Building (住宅),
TS,540,10th Street Tai Wai Village,,Kelvin Education Centre,Insitutional Building/Others (學校/醫院/其他用途),
TS,541,Chui Tin Street,12,King Tin Court - Carpark,Insitutional Building/Others (學校/醫院/其他用途),
TS,542,Che Kung Miu Road,1,Koon Ngam Ching Yuen 古巖淨苑,Insitutional Building/Others (學校/醫院/其他用途),
TS,543,Yau On Street,21,Lakeview Garden - House A,Domestic Building (住宅),
TS,544,Yau On Street,21,Lakeview Garden - House B,Domestic Building (住宅),
TS,545,Yau On Street,21,Lakeview Garden - House C,Domestic Building (住宅),
TS,546,Yau On Street,21,Lakeview Garden - House D,Domestic Building (住宅),
TS,547,Yau On Street,21,Lakeview Garden - House E,Domestic Building (住宅),
TS,548,Yau On Street,21,Lakeview Garden - House F,Domestic Building (住宅),
TS,549,Yau On Street,21,Lakeview Garden - House G,Domestic Building (住宅),
TS,550,Yau On Street,21,Lakeview Garden - House H,Domestic Building (住宅),
TS,551,Yau On Street,21,Lakeview Garden - House J,Domestic Building (住宅),
TS,552,Yau On Street,21,Lakeview Garden - House K,Domestic Building (住宅),
TS,553,Yau On Street,21,Lakeview Garden - House L,Domestic Building (住宅),
TS,554,Yau On Street,21,Lakeview Garden - House M,Domestic Building (住宅),
TS,555,Yau On Street,21,Lakeview Garden - House N,Domestic Building (住宅),
TS,556,Yau On Street,21,Lakeview Garden - House P,Domestic Building (住宅),
TS,557,Yau On Street,21,Lakeview Garden - House Q,Domestic Building (住宅),
TS,558,Yau On Street,21,Lakeview Garden - House R,Domestic Building (住宅),
TS,559,Yau On Street,21,Lakeview Garden - House S,Domestic Building (住宅),
TS,560,Yau On Street,21,Lakeview Garden - House T,Domestic Building (住宅),
TS,561,Yau On Street,21,Lakeview Garden - House V,Domestic Building (住宅),
TS,562,Yau On Street,21,Lakeview Garden - House W,Domestic Building (住宅),
TS,563,Lion Rock Tunnel Road,7,Lion Rock Tunnel - 2nd Tube,Insitutional Building/Others (學校/醫院/其他用途),
TS,564,Lion Rock Tunnel Road,7,Lion Rock Tunnel - Fan House S1,Insitutional Building/Others (學校/醫院/其他用途),
TS,565,Lion Rock Tunnel Road,7,Lion Rock Tunnel - E&M Building,Insitutional Building/Others (學校/醫院/其他用途),
TS,566,Lion Rock Tunnel Road,7,Lion Rock Tunnel - Administration Building,Insitutional Building/Others (學校/醫院/其他用途),
TS,567,Lion Rock Tunnel Road,7,Lion Rock Tunnel - Clp Substation,Insitutional Building/Others (學校/醫院/其他用途),
TS,568,Lion Rock Tunnel Road,7,Lion Rock Tunnel - Fan House S2,Insitutional Building/Others (學校/醫院/其他用途),
TS,569,Tin Sum Street,1,Lung Hang Estate - Access Road,Insitutional Building/Others (學校/醫院/其他用途),
TS,570,Tin Sum Street,,Lung Hang Estate Office,Insitutional Building/Others (學校/醫院/其他用途),
TS,571,Mei Tin Road,32,May Shing Court Carpark,Insitutional Building/Others (學校/醫院/其他用途),
TS,572,Mei Tin Road,23-35,Mei Chung Court Multi-Storey Car Park Mei Chung Court,Insitutional Building/Others (學校/醫院/其他用途),
TS,573,Mei Mun Lane,,Mei Ying Court,Domestic Building (住宅),
TS,574,,,Mei Pak Court,Domestic Building (住宅),
TS,575,Heung Fan Liu Street,,Mei Tin Estate - Mei Tin Community Hall,Insitutional Building/Others (學校/醫院/其他用途),
TS,576,Heung Fan Liu Street,,Mei Tin Estate - Access Road,Insitutional Building/Others (學校/醫院/其他用途),
TS,577,Heung Fan Liu Street,,Mei Tin Estate - Carport Building,Insitutional Building/Others (學校/醫院/其他用途),
TS,578,Heung Fan Liu Street,,Mei Tin Estate - Eva,Insitutional Building/Others (學校/醫院/其他用途),
TS,579,Heung Fan Liu Street,,Mei Tin Estate - Kindergarter (Between Block 6&7),Insitutional Building/Others (學校/醫院/其他用途),
TS,580,Heung Fan Liu Street,,Mei Tin Estate - Mei Chi House (Block 4),Domestic Building (住宅),
TS,581,Heung Fan Liu Street,,Mei Tin Estate - Mei Chuen House (Block 8),Domestic Building (住宅),
TS,582,Heung Fan Liu Street,,Mei Tin Estate - Mei Lai House (Block 2),Domestic Building (住宅),
TS,583,Heung Fan Liu Street,,Mei Tin Estate - Mei Lok House (Block 5),Domestic Building (住宅),
TS,584,Heung Fan Liu Street,,Mei Tin Estate - Mei Mun House (Block 6),Domestic Building (住宅),
TS,585,Mei Mun Lane,9,Mei Tin Estate - Mei Tin Community Hall,Insitutional Building/Others (學校/醫院/其他用途),
TS,586,Heung Fan Liu Street,,Mei Tin Estate - Mei Ting House (Block 7),Domestic Building (住宅),
TS,587,Heung Fan Liu Street,,Mei Tin Estate - Rcp,Insitutional Building/Others (學校/醫院/其他用途),
TS,588,Heung Fan Liu Street,,Mei Tin Estate - Shops,Composite Building (綜合式樓宇),
TS,589,Heung Fan Liu Street,,Mei Tin Estate - Pti,Insitutional Building/Others (學校/醫院/其他用途),
TS,590,,,Mei Tin Estate - Mei King House (Block 3),Domestic Building (住宅),
TS,591,,,Mei Tin Estate - Mei Sau House (Block 1),Domestic Building (住宅),
TS,592,,,Mei Tin Estate - Mei Tin Shopping Centre,Composite Building (綜合式樓宇),
TS,593,Mei Tin Road,,Fibreglass Equipment Shelter At Yat Shing House,Insitutional Building/Others (學校/醫院/其他用途),
TS,594,Pak Shek Vilalge,,"Messrs Cheung Hing Laminating Cloth Factory, Pak Shek Vilalge, Tai Wai, Sha Tin, N.T.",Industrial Building/Godown (工廠大廈/倉庫),
TS,595,,,Mtr East Rail Line - Tai Wai Feeder Station,Insitutional Building/Others (學校/醫院/其他用途),
TS,596,,,Mtr Sha Tin Wai Station,Insitutional Building/Others (學校/醫院/其他用途),
TS,597,Mei Tin Rd,,Mtr Tai Wai Depot 1 Mei Tin Rd Tai Wai Sha Tin Nt Che Kung Miu Rd,Insitutional Building/Others (學校/醫院/其他用途),
TS,598,Che Kung Miu Rd,,Mtr Tai Wai Depot 1 Mei Tin Rd Tai Wai Sha Tin Nt Che Kung Miu Rd,Insitutional Building/Others (學校/醫院/其他用途),
TS,599,Che Kung Miu Rd,,Mtr Tai Wai Station - Pti,Insitutional Building/Others (學校/醫院/其他用途),
TS,600,Che Kung Miu Rd & Mei Tin Rd,,Mtr Tai Wai Station,Insitutional Building/Others (學校/醫院/其他用途),
TS,601,Off Lower Shing Mun Rd,,Fu Shan Crematorium,Insitutional Building/Others (學校/醫院/其他用途),
TS,602,,,Pak Tin North Pump House,Insitutional Building/Others (學校/醫院/其他用途),
TS,603,Hin Tai Street,8,"Club House & Carpark Including Basement, Parc Royale",Composite Building (綜合式樓宇),
TS,604,Mei Tin Road,63,Peak One 壹號雲頂 - Block 1,Domestic Building (住宅),
TS,605,Mei Tin Road,63,Peak One 壹號雲頂 - Block 2,Domestic Building (住宅),
TS,606,Mei Tin Road,63,Peak One 壹號雲頂 - Block 3,Domestic Building (住宅),
TS,607,Mei Tin Road,63,Peak One 壹號雲頂 - Block 5,Domestic Building (住宅),
TS,608,Mei Tin Road,63,Peak One 壹號雲頂 - Block 6,Domestic Building (住宅),
TS,609,Mei Tin Road,63,Peak One 壹號雲頂 - Block 7,Domestic Building (住宅),
TS,610,Mei Tin Road,63,Peak One 壹號雲頂 - Block 8,Domestic Building (住宅),
TS,611,Mei Tin Road,63,Peak One 壹號雲頂 - Block 9,Domestic Building (住宅),
TS,612,Mei Tin Road,63,Peak One 壹號雲頂 - Podium,Domestic Building (住宅),
TS,613,Shatin Heights Road,45,Peak View House,Domestic Building (住宅),
TS,614,,,Podium Club House - Peak House,Domestic Building (住宅),
TS,615,Pak Lok Path,18,Pristine Villa - South Carpark,Insitutional Building/Others (學校/醫院/其他用途),
TS,616,Pak Lok Path,18,Pristine Villa - Street Fire Hydrant,Insitutional Building/Others (學校/醫院/其他用途),
TS,617,Tai Wai New Village,1,Pui Kiu College - Lee Shau Kee Swimming Pool Complex,Insitutional Building/Others (學校/醫院/其他用途),
TS,618,Tsing Sha Highway,668,Route 8 - Tai Wai Administration Building,Insitutional Building/Others (學校/醫院/其他用途),
TS,619,,,Route 8 - Tai Wai Tunnel,Insitutional Building/Others (學校/醫院/其他用途),
TS,620,Tai Po Road,8003,Sha Tin Heights Block A,Domestic Building (住宅),
TS,621,Tai Po Road,8003,Sha Tin Heights Block B,Domestic Building (住宅),
TS,622,Tai Po Road,8003,Sha Tin Heights Block C,Domestic Building (住宅),
TS,623,Tai Po Road,8003,Sha Tin Heights Block E,Domestic Building (住宅),
TS,624,Tai Po Road,8003,Sha Tin Heights Block F,Domestic Building (住宅),
TS,625,Tai Po Road,8003,Sha Tin Heights Block G,Domestic Building (住宅),
TS,626,Tai Po Road,8003,Sha Tin Heights Block H,Domestic Building (住宅),
TS,627,Tsing Sha Highway,,Sha Tin Heights Tunnel (Sht),Insitutional Building/Others (學校/醫院/其他用途),
TS,628,Tsing Sha Highway,,Sha Tin Heights Tunnel North Portal Building (Sht-Npb),Insitutional Building/Others (學校/醫院/其他用途),
TS,629,Tsing Sha Highway,,Sha Tin Heights Tunnel South Portal Building (Sht-Npb),Insitutional Building/Others (學校/醫院/其他用途),
TS,630,Heung Fan Liu New Village,,"Shatin 400kv Substation, Sttl 315",Insitutional Building/Others (學校/醫院/其他用途),
TS,631,,,Shatin Government Primary School - Sip Block (Sun Tin Wai Estate),Insitutional Building/Others (學校/醫院/其他用途),
TS,632,,,Shatin Government Primary School (Sun Tin Wai Estate),Insitutional Building/Others (學校/醫院/其他用途),
TS,633,"Man Lai Road, Dd 179 Lot 774, Shatin, N.T.",14-16,Shatin Pccw Telephone Exchange,Insitutional Building/Others (學校/醫院/其他用途),
TS,634,,,"Shatin West Fresh Water Pump House, Sha Tin, N.T.",Insitutional Building/Others (學校/醫院/其他用途),
TS,635,Sheung Keng Hau Village,102,Sheung Keng Hau Village,Domestic Building (住宅),
TS,636,Chui Tin St,2,Sun Chui Estate - Carpark A (Near Sun Ming Hse),Insitutional Building/Others (學校/醫院/其他用途),
TS,637,Chui Tin St,2,Sun Chui Estate - Carpark B (Sun Yee House),Insitutional Building/Others (學校/醫院/其他用途),
TS,638,Chui Tin St,2,Sun Chui Estate - Carpark C (Near Sun Chun House),Insitutional Building/Others (學校/醫院/其他用途),
TS,639,Chui Tin St,2,Sun Chui Estate - Cooked Food Stalls,Insitutional Building/Others (學校/醫院/其他用途),
TS,640,Chui Tin St,2,2 Chui Tin Street Sun Chui Estate - Wet Market,Composite Building (綜合式樓宇),
TS,641,,,"Rooftop, Sun Yee House, Sun Chui Estate",Composite Building (綜合式樓宇),
TS,642,Shatin Tau Road,,Sun Tin Wai Estate - Market Stall,Composite Building (綜合式樓宇),
TS,643,Shatin Tau Road,,Sun Tin Wai Estate - Commercial Complex,Composite Building (綜合式樓宇),
TS,644,Tsuen Nam Road,41-45,Tai On Building,Composite Building (綜合式樓宇),
TS,645,Tsuen Nam Road,47-51,Tai On Building,Composite Building (綜合式樓宇),
TS,646,Shing Ho Road,,"Tai Wai Public Toilet & Bathhouse, Refuse Collection Point",Insitutional Building/Others (學校/醫院/其他用途),
TS,647,Tsing Sha Highway,,"Tsing Sha Highway, Tai Wai South & North Switch Room",Insitutional Building/Others (學校/醫院/其他用途),
TS,648,Tsing Sha Highway,,"Tsing Sha Highway, Tai Wai Tunnel",Insitutional Building/Others (學校/醫院/其他用途),
TS,649,Tung Lo Wan Hill Road,8,The Great Hill 嘉御山 - House 1,Domestic Building (住宅),
TS,650,Tung Lo Wan Hill Road,8,The Great Hill 嘉御山 - Podium [Sfh-Tank],Insitutional Building/Others (學校/醫院/其他用途),
TS,651,Che Kung Miu Road,8,"The Riverpark - Club House, Carpark, Shops, Kindergarten {Fe Design Adopted}",Insitutional Building/Others (學校/醫院/其他用途),
TS,652,Che Kung Miu Road,8,The Riverpark - Tower 1,Domestic Building (住宅),
TS,653,Che Kung Miu Road,8,The Riverpark - Tower 2,Domestic Building (住宅),
TS,654,Che Kung Miu Road,8,The Riverpark - Tower 3,Domestic Building (住宅),
TS,655,Che Kung Miu Road,8,The Riverpark - Tower 5,Domestic Building (住宅),
TS,656,Tin Sam Street,,Tin Sam Public Toilet,Insitutional Building/Others (學校/醫院/其他用途),
TS,657,Tin Sam St,,Tin Sam Village 260-264,Domestic Building (住宅),
TS,658,Tin Sam Street,,"Tin Sam Village No 258, Dd 189, Lot 1679",Domestic Building (住宅),
TS,659,Fu Kin Street,2,Tin Sum Ambulance Depot,Insitutional Building/Others (學校/醫院/其他用途),
TS,660,Hin Keng Street,2,Tin Sum Divisional Police Station,Insitutional Building/Others (學校/醫院/其他用途),
TS,661,Fu Kin Street,2,Tin Sum Fire Station,Insitutional Building/Others (學校/醫院/其他用途),
TS,662,,,To Shek Fresh Water Pumping Station,Insitutional Building/Others (學校/醫院/其他用途),
TS,663,Mei Tin Road,1,"Tower 1 , Festival City (Phase 2)",Domestic Building (住宅),
TS,664,Mei Tin Road,1,"Tower 2 , Festival City (Phase 1)",Domestic Building (住宅),
TS,665,Mei Tin Road,1,"Tower 3 , Festival City (Phase 1)",Domestic Building (住宅),
TS,666,Mei Tin Road,1,"Tower 5 , Festival City (Phase 1)",Domestic Building (住宅),
TS,667,Sha Kok Street,,Tsang Tai Uk Playground,Insitutional Building/Others (學校/醫院/其他用途),
TS,668,Mei Tin Road,63,Tung Lo Wan Hill Road Garden - Rcp,Insitutional Building/Others (學校/醫院/其他用途),
TS,669,Mei Tin Road,63,Tung Lo Wan Hill Road Garden,Insitutional Building/Others (學校/醫院/其他用途),
TS,670,"Tung Lo Wan Village Pccw Telephone Exchange, Tung Lo Wan Village, Shatin, N.T.",,"Tung Lo Wan Village Pccw Telephone Exchange, Tung Lo Wan Village, Shatin, N.T.",Insitutional Building/Others (學校/醫院/其他用途),
TS,671,Mei Tin Road,25,"Water Fecture Pump Room , Mei Chung Court",Insitutional Building/Others (學校/醫院/其他用途),
TS,672,Tai Po Road,8006,Woodcrest Hill - Block 16,Domestic Building (住宅),
TS,673,Tai Po Road,8006,Woodcrest Hill - Lpg Store,Insitutional Building/Others (學校/醫院/其他用途),
TS,674,Lung Pak Street,1-3,World-Wide Gardens - Sewage Treatment Plant & Others,Insitutional Building/Others (學校/醫院/其他用途),
TS,675,Lung Pak Street,2-4,"World-Wide Gardens - Carpark (U閘下層(Block 1-2, 2-4 Lung Pak St)",Insitutional Building/Others (學校/醫院/其他用途),
TS,676,FUNG SHEK ST,2,WING SHING HSE (BLK A),Domestic Building (住宅),
TS,677,Hin Wo Lane,3,Hin Yiu Estate Hin Yiu House,Domestic Building (住宅),
TS,678,Che Kung Miu Road,69,Hin Keng Estate Hin Yau House (Block 5),Domestic Building (住宅),
TS,679,Che Kung Miu Road,69,Hin Keng Estate Hin Yeung House (Block 3),Domestic Building (住宅),
